Campaign,Ad group,Keyword,Match type,Status,Final URL,Max CPC
Search - Wedding Music Guides,Band vs DJ,wedding band vs dj,Exact,Paused,https://musicangel.ie/wedding-band-vs-dj/,1.00
Search - Wedding Music Guides,Band vs DJ,wedding band vs dj,Phrase,Paused,https://musicangel.ie/wedding-band-vs-dj/,1.00
Search - Wedding Music Guides,Band vs DJ,wedding band or dj,Exact,Paused,https://musicangel.ie/wedding-band-vs-dj/,1.00
Search - Wedding Music Guides,Band vs DJ,wedding band or dj,Phrase,Paused,https://musicangel.ie/wedding-band-vs-dj/,1.00
Search - Wedding Music Guides,Band vs DJ,dj or band for wedding,Exact,Paused,https://musicangel.ie/wedding-band-vs-dj/,1.00
Search - Wedding Music Guides,Band vs DJ,dj or band for wedding,Phrase,Paused,https://musicangel.ie/wedding-band-vs-dj/,1.00
Search - Wedding Music Guides,Band vs DJ,band vs dj wedding ireland,Exact,Paused,https://musicangel.ie/wedding-band-vs-dj/,1.00
Search - Wedding Music Guides,Band vs DJ,band vs dj wedding ireland,Phrase,Paused,https://musicangel.ie/wedding-band-vs-dj/,1.00
Search - Wedding Music Guides,Band vs DJ,wedding band and dj package,Exact,Paused,https://musicangel.ie/wedding-band-vs-dj/,1.00
Search - Wedding Music Guides,Band vs DJ,wedding band and dj package,Phrase,Paused,https://musicangel.ie/wedding-band-vs-dj/,1.00
